Song,Singer
紙船,許冠傑
鼓舞,陳百強
問我,陳麗斯
為什麼,盧業瑂
雪中情,關正傑
隨想曲,徐小鳳
上海灘,葉麗儀
鐵塔凌雲,許冠傑
雙星情歌,許冠傑
世事如棋,許冠傑
似水流年,梅艷芳
順流逆流,徐小鳳
一點燭光,關正傑
難兄難弟,羅嘉良
父母恩,許冠傑
真的愛你,Beyond
愛在陽光空氣中,譚詠麟
千個太陽,葉德嫻、陳潔靈
分分鐘需要你,林子祥
夜來香,李香蘭
共你痴痴愛在,古天樂
男兒當自強,林子祥
故鄉的雨,薰妮
憑着愛,蘇芮
親情,羅文
朋友,譚詠麟
京華春夢,汪明荃
網中人,張德蘭
小李飛刀,羅文
狂潮,關菊英
奮鬥,甄妮
人生於世,張德蘭
全賴有你,張國榮
月儿弯弯照九州,徐小鳳
天才白痴夢,許冠傑
每一個晚上,林子祥
祝福,葉蒨文
獅子山下,羅文
風雨同路,譚詠麟
浪子心聲,許冠傑
每當變幻時,薰妮
漫步人生路,鄧麗君
舊夢不須記,雷安娜
舊夢不須記,雷安娜
勇敢的中國人,汪明荃
萬水千山總是情,汪明荃
在水中央,林子祥
世上只有,容祖兒
似是故人來,梅艷芳
家變,羅文
抉擇,蔡琴
榴槤飄香,林鳳
滄海一聲笑,許冠傑
那天再重聚,區瑞強
風的季節,徐小鳳
星星問,徐小鳳
為我獻上心韻,關菊英
誰能明白我,林子祥
帝女花,任劍輝、白雪仙
漁舟唱晚,關正傑
千載不變,溫拿
忘盡心中情,葉振棠
楚留香,鄭少秋
漫漫前路,徐小鳳
笑看風雲,鄭少秋
赤的疑惑,梅艷芳
迎春花,汪明荃、鄭少秋
人生何處不相逢,陳慧嫻
做人愛自由,鄭少秋
大地恩情,關正傑
梁祝 • 恨綿綿,關正傑
風雲,仙杜拉
鳳閣恩仇未了情,麥炳榮、鳳凰女
當年情,張國榮
笑傲江湖,葉振棠、葉麗儀
甜蜜蜜,鄧麗君
南屏晚鐘,崔萍
相思河畔,崔萍
小城故事,鄧麗君
綠島小夜曲,晉秦
月亮代表我的心,鄧麗君
玫瑰玫瑰我愛你,姚莉
當你老了,趙照
高山青,鄧麗君
青春舞曲,王洛賓
晚風,葉蒨文
天涯歌女,周璇
月圓花好,周璇
明月千里寄相思,吳鶯音
不了情,顧媚
夢,顧媚
淚的小雨,青山
幾時再回頭,鄧麗君
春風吻上我的臉,姚莉
何日君再來,周璇
夜來香,李香蘭
在那遙遠的地方,王洛賓
往事只能回味,尤雅
路邊的野花不要採,鄧麗君
龍的傳人,李建復
橄欖樹,齊豫
今天不回家,姚蘇蓉
一見你就笑,鄧麗君
友誼之光,Maria Cordero
一生何求,陳百強
信,翁倩玉
前程錦繡,羅文
沉默是金,張國榮
擁抱愛,鄭欣宜
明日話今天,甄妮
有誰共鳴,張國榮
彩雲追月,崔妙芝
星,關正傑
兩忘煙水裡,關正傑、關菊英
A Place In The Sun,Stevie Wonder
A World of Our Own,The Seekers
All I Have To Do Is Dream,The Everly Brothers
All Kinds of Everything,Dana
Amazing Grace,Traditional
As Tears Go By,The Rolling Stones
Auld Lang Syne,Traditional
Blowing in the Wind,Bob Dylan
Carry On Till Tomorrow,Badfinger
Changing Partners,Patti Page
Could I Have This Dance,Anne Murray
Crying In The Rain,The Everly Brothers
Devoted To You,The Everly Brothers
Edelweiss,Julie Andrews
Evergreen Tree,Cliff Richard
Five Hundred Miles,"Peter, Paul and Mary"
Four Strong Winds,Ian & Sylvia
Green Fields,The Brothers Four
Green Green Grass of Home,Tom Jones
Happy Together,The Turtles
I Saw The Light,Hank Williams
I Started A Joke,The Bee Gees
It's Now or Never,Elvis Presley
Let It Be Me,The Everly Brothers
Michael Rows The Boat,The Highwaymen
More Than I Can Say,Bobby Vee
Sealed With A Kiss,Brian Hyland
Today,The New Christy Minstrels
Top Of The World,The Carpenters
Will You Still Love Me Tomorrow,The Shirelles
My Favourite Things,Julie Andrews
Moon River,Andy Williams
Yesterday,The Beatles
Morning Has Broken,Cat Stevens
River Of No Return,Marilyn Monroe
Que Sera Sera,Doris Day
I Want To Hold Your Hand,The Beatles
Dona Dona,Joan Baez
Morningtown Ride,The Seekers
I'll Never Find Another You,The Seekers
Those were the days,Mary Hopkin
The Carnival is Over,The Seekers
"Take Me Home, Country Roads",John Denver
The Exodus Song,Pat Boone
Love is Blue,Paul Mauriat
Love Me Tender,Elvis Presley
Tennessee Waltz,Patti Page
Bridge Over Troubled Water,Simon & Garfunkel
Far Away Places,Bing Crosby
Somewhere My Love,Ray Conniff
The Sound of Silence,Simon & Garfunkel
That Doggie in the Window,Patti Page
Can't Smile without You,Barry Manilow
Where Have All the Flowers Gone,The Kingston Trio
Do-Re-Mi,Julie Andrews
Scarborough Fair,Simon & Garfunkel
